"","Cadre","Centre","Centre-Cadre","n","Mean WISN-based need","SE","Lower 95% CI","Upper 95% CI","QIC","Mean WISN-based need (rounded)","Lower 95% CI (rounded)","Upper 95% CI (rounded)","Working Correlation Matrix (GEE)"
"1","GDMO","CHC","CHC-GDMOs",72,3.32763928818228,0.293149465226131,2.79994413593533,3.95478720097936,-246.011555779232,4,3,4,"auto-correlation"
"2","NURSE","CHC","CHC-Nurses",79,45.144535828825,1.65828543967198,42.0085964496402,48.5145729075534,-32252.3681560335,45,42,49,"independence"
"3","PHY","CHC","CHC-Physicians",178,1.57863880219088,0.0752336442515135,1.43786070837868,1.73320020031199,158.300361678352,2,2,2,"independence"
"4","SUR","CHC","CHC-Surgeons",133,1.3171392812966,0.114974928443391,1.11001572132725,1.56291109486283,231.273973827183,2,2,2,"auto-correlation"
"5","PAED","CHC","CHC-Paediatricians",209,1.33909515069625,0.0732109852615671,1.20302475025411,1.49055605235008,330.809736543795,2,2,2,"independence"
"6","OBGY","CHC","CHC-OBGYNs",110,1.11284975056757,0.0575293022197592,1.00561851384962,1.2315152816722,258.702465659829,2,1,2,"auto-correlation"
"7","DOC","PHC","PHC-Doctors",170,1.83405171293026,0.186212637258698,1.50310199017577,2.2378692249014,258.998161786323,2,2,3,"exchangeable"
"8","NURSE","PHC","PHC-Nurses",98,14.8667053781968,0.752275978033684,13.4630281042105,16.4167323347549,-2877.73083626552,15,13,16,"exchangeable"
